source_id,organization,source_title,source_type,url,publication_year,accessed_date,geographic_scope,source_status,official_or_secondary,relevance,notes
SRC_001,NSDC,CNC Operator / Machining Technician L3 - QP ASC/Q3501,NSDC,https://nsdcindia.org/sites/default/files/ASCQ3501_CNC_Operator_Machining_Technician_L3_v1_09.05.2018.pdf,2018,2026-09-16,India,CURRENT,Official,Primary QP for CNC Operator,Automotive Skills Development Council
SRC_002,NSDC,CNC Operator / Machining Technician L4 - QP ASC/Q3503,NSDC,https://nsdcindia.org/sites/default/files/ASCQ3503_CNC_Operator_Machining_Technician_v1_21_06_2019.pdf,2019,2026-09-16,India,CURRENT,Official,Advanced QP for CNC Operator,Level 4 variant
SRC_003,NSDC,Assistant Electrician - QP PWD/CON/Q0602,NSDC,https://nsdcindia.org/sites/default/files/PWD_CON-Q0602_Assistant-Electrician_15_02_2019.pdf,2019,2026-09-16,India,CURRENT,Official,PwD-adapted QP for Electrician,Originating sector: Construction; Originating QP: CON/Q0602
SRC_004,NSDC,Mechanic / Fitter - QP MIN/Q0304,NSDC,https://nsdcindia.org/sites/default/files/MC_MIN-Q0304_Mining---Mechanic-Fitter_0.pdf,2015,2026-09-16,India,CURRENT,Official,QP for Fitter,Mining sector
SRC_005,NSDC,Construction Welder - QP CON/Q1252,NSDC,https://nsdcindia.org/sites/default/files/CONQ1252_Construction_Welder_v2.0_03_09_2021.pdf,2021,2026-09-16,India,CURRENT,Official,QP for Welder,Construction Skill Development Council
SRC_006,NSDC,Solar Domestic Water Heater Technician - QP SGJ/Q0601,NSDC,https://www.nsdcindia.org/sites/default/files/QP_SGJ-Q0601_Solar_Domestic_Water_Heater_Technician.pdf,2016,2026-09-16,India,CURRENT,Official,QP for Solar Technician,Skill Council for Green Jobs
SRC_007,NSDC,Solar PV Installer (Suryamitra) - QP PWD/SGI/Q0101,NSDC,https://nsdcindia.org/sites/default/files/PWD_SGI-Q0101_Solar_PV_Installer_Suryamitra.pdf,2019,2026-09-16,India,CURRENT,Official,PwD-adapted QP for Solar PV Installer,Skill Council for Green Jobs
SRC_008,NSDC,Solar Panel Installation Technician - QP ELE/Q5901,NSDC,https://nsdcindia.org/sites/default/files/QP_ELE-Q5901_Solar_Panel_Installation_Technician.pdf,2019,2026-09-16,India,CURRENT,Official,QP for Solar Panel Installation,Electronics Sector Skills Council
SRC_009,NSDC,Beauty Therapist - QP PWD/BWS/Q0102,NSDC,https://nsdcindia.org/sites/default/files/PWD_BWSQ0102_Beauty_Therapist_v2_15_02_2019.pdf,2019,2026-09-16,India,CURRENT,Official,PwD-adapted QP for Beauty Therapist,Originating sector: Beauty & Wellness
SRC_010,NSDC,Hair Stylist - QP BWS/Q0202,NSDC,https://nsdcindia.org/sites/default/files/BWSQ0202_Hair_Stylist_v2_07_02_2019.pdf,2019,2026-09-16,India,CURRENT,Official,QP for Hair Stylist,Beauty & Wellness Sector Skill Council
SRC_011,NSDC,Dairy Farmer/Entrepreneur - QP PWD/AGR/Q4101,NSDC,https://nsdcindia.org/sites/default/files/PWDAGRQ4101_Dairy_Farmer_Entrepreneur_v1_04_11_2019.pdf,2019,2026-09-16,India,CURRENT,Official,PwD-adapted QP for Dairy Farmer,Agriculture Skill Council of India
SRC_012,NSDC,Bar Bender and Steel Fixer - QP CON/Q0203,NSDC,https://www.csdcindia.org/sites/default/files/CONQ0203_Bar_Bender_and_Steel_Fixer.pdf,2021,2026-09-16,India,CURRENT,Official,QP for Bar Bender and Steel Fixer,Construction Skill Development Council
SRC_013,NSDC,Brick Mason - QP CON/Q0113,NSDC,https://www.csdcindia.org/sites/default/files/CONQ0113_Brick_Mason.pdf,2021,2026-09-16,India,CURRENT,Official,QP for Brick Mason,Construction Skill Development Council
SRC_014,NSDC,Warehouse Claims Coordinator - QP LSC/Q2117,NSDC,https://lsc-india.com/sites/default/files/LSCQ2117_Warehouse_Claims_Coordinator.pdf,2023,2026-09-16,India,CURRENT,Official,QP for Claims Coordinator,Logistics Sector Skill Council
SRC_015,NSDC,Domestic Data Entry Operator - QP SSC/Q2212,NSDC,https://www.nsdcindia.org/sites/default/files/SSCQ2212_Domestic_Data_Entry_Operator.pdf,2019,2026-09-16,India,CURRENT,Official,QP for Data Entry Operator,IT-ITeS Sector Skill Council
SRC_016,NSDC,Field Technician Washing Machine - QP ELE/Q3106,NSDC,https://www.nsdcindia.org/sites/default/files/QP_ELE-Q3106_Field_Technician_Washing_Machine.pdf,2019,2026-09-16,India,CURRENT,Official,QP for Washing Machine Technician,Electronics Sector Skills Council
SRC_017,NSDC,Graphic Designer - QP MES/Q0601,NSDC,https://www.nqr.gov.in/sites/default/files/MESQ0601_Graphic_Designer.pdf,2019,2026-09-16,India,CURRENT,Official,QP for Graphic Designer,Media & Entertainment Skills Council
SRC_018,NSDC,Guest Service Associate (Food & Beverage) - QP THC/Q0301,NSDC,https://www.nsdcindia.org/sites/default/files/THCQ0301_Guest_Service_Associate_FB.pdf,2024,2026-09-16,India,CURRENT,Official,QP for Guest Service Associate,Tourism & Hospitality Skill Council
SRC_019,NSDC,Gardener - QP AGR/Q0801,NSDC,https://www.nsdcindia.org/nos-listing/4.html,2018,2026-09-16,India,RETIRED,Official,Retired QP for Gardener,Current replacement: AGR/Q0809 Gardener cum Nursery Raiser
SRC_020,NSDC,Hand Embroiderer - QP AMH/Q1001,NSDC,https://www.nsdcindia.org/nos-listing/4.html,2018,2026-09-16,India,RETIRED,Official,Retired QP for Hand Embroiderer,Current replacement: AMH/Q1010
SRC_021,NSDC,Inline Checker - QP AMH/Q0102,NSDC,https://www.nsdcindia.org/nos-listing/4.html,2018,2026-09-16,India,RETIRED,Official,Retired QP for Inline Checker,Current replacement: AMH/Q0103
SRC_022,NSDC,Pedicurist and Manicurist - QP BWS/Q0402,NSDC,https://www.nsdcindia.org/nos-listing/4.html,2018,2026-09-16,India,RETIRED,Official,Retired QP for Pedicurist,Current version: BWS/Q0402 v5.0
SRC_023,NSDC,Self Employed Tailor - QP AMH/Q1947,NSDC,https://www.nsdcindia.org/nos-listing/4.html,2018,2026-09-16,India,RETIRED,Official,Retired QP for Tailor,Current version: AMH/Q1947 v4.0
SRC_024,NSDC,Sewing Machine Operator - QP AMH/Q0301,NSDC,https://www.nsdcindia.org/nos-listing/4.html,2018,2026-09-16,India,RETIRED,Official,Retired QP for Sewing Machine Operator,Current replacement: AMH/Q0305
SRC_025,NSDC,Shuttering Carpenter - QP CON/Q0304,NSDC,https://www.nsdcindia.org/nos-listing/4.html,2021,2026-09-16,India,CURRENT,Official,QP for Shuttering Carpenter,Construction Skill Development Council
SRC_026,NSDC,Warehouse Supervisor - QP LSC/Q2307,NSDC,https://nqr.gov.in/sites/default/files/LSCQ2307_Warehouse_Supervisor.pdf,2023,2026-09-16,India,CURRENT,Official,QP for Warehouse Supervisor,Logistics Sector Skill Council
SRC_027,NSDC,Web Developer - QP SSC/Q0503,NSDC,https://www.nsdcindia.org/nos-listing/4.html,2023,2026-09-16,India,CURRENT,Official,QP for Web Developer,IT-ITeS Sector Skill Council
SRC_028,NSDC,Security Supervisor - QP MEP/Q7201,NSDC,https://www.nsdcindia.org/nos-listing/4.html,2018,2026-09-16,India,CURRENT,Official,QP for Security Supervisor,Management & Entrepreneurship and Professional Skills Council
SRC_029,NSDC,Pressman - QP AMH/Q0401,NSDC,https://www.nsdcindia.org/nos-listing/4.html,2018,2026-09-16,India,CURRENT,Official,QP for Pressman,Apparel Made-Ups & Home Furnishing Sector Skill Council
SRC_030,NSDC,Assistant Beauty Therapist - QP BWS/Q0101,NSDC,https://nqr.gov.in/sites/default/files/BWSQ0101_Assistant_Beauty_Therapist.pdf,2022,2026-09-16,India,CURRENT,Official,QP for Assistant Beauty Therapist,Beauty & Wellness Sector Skill Council
SRC_031,NSDC,Assistant Hair Stylist - QP BWS/Q0201,NSDC,https://www.nsdcindia.org/nos-listing/4.html,2019,2026-09-16,India,CURRENT,Official,QP for Assistant Hair Stylist,Beauty & Wellness Sector Skill Council
SRC_032,NSDC,Refrigeration & Air Conditioner Technician - QP ELE/Q3102,NSDC,https://www.nsdcindia.org/nos-listing/4.html,2019,2026-09-16,India,CURRENT,Official,QP for RAC Technician,Electronics Sector Skills Council
SRC_033,NSDC,Electronics Mechanic - QP IES/Q1105,NSDC,https://www.nsdcindia.org/nos-listing/4.html,2019,2026-09-16,India,CURRENT,Official,QP for Electronics Mechanic,Infrastructure Equipment Skill Council